"source","term_name","term_id","highlighted","adjusted_p_value","negative_log10_of_adjusted_p_value","term_size","query_size","intersection_size","effective_domain_size","intersections"
"GO:MF","ATP-dependent protein folding chaperone","GO:0140662","true","1.046733864441795e-12","11.980163725099166","32","48","9","11914","FBGN0001217,FBGN0001220,FBGN0013275,FBGN0013276,FBGN0013277,FBGN0013278,FBGN0051354,FBGN0013279,FBGN0001233"
"GO:MF","protein folding chaperone","GO:0044183","false","7.29100971928438e-11","10.13721232282778","49","48","9","11914","FBGN0001217,FBGN0001220,FBGN0013275,FBGN0013276,FBGN0013277,FBGN0013278,FBGN0051354,FBGN0013279,FBGN0001233"
"GO:MF","heat shock protein binding","GO:0031072","true","7.005086428988277e-8","7.154586502005455","41","48","7","11914","FBGN0001217,FBGN0001220,FBGN0013275,FBGN0013276,FBGN0013278,FBGN0051354,FBGN0013279"
"GO:MF","carbohydrate derivative binding","GO:0097367","true","6.134082821546911e-7","6.212250364529278","1216","48","21","11914","FBGN0010379,FBGN0000490,FBGN0004106,FBGN0010341,FBGN0000463,FBGN0026479,FBGN0001217,FBGN0001220,FBGN0013275,FBGN0013276,FBGN0013277,FBGN0013278,FBGN0051354,FBGN0013279,FBGN0001233,FBGN0261984,FBGN0000229,FBGN0024329,FBGN0000063,FBGN0032006,FBGN0014010"
"GO:MF","purine ribonucleoside triphosphate binding","GO:0035639","false","0.0000011475849102481956","5.940215170986363","1005","48","19","11914","FBGN0010379,FBGN0004106,FBGN0010341,FBGN0026479,FBGN0001217,FBGN0001220,FBGN0013275,FBGN0013276,FBGN0013277,FBGN0013278,FBGN0051354,FBGN0013279,FBGN0001233,FBGN0261984,FBGN0000229,FBGN0024329,FBGN0000063,FBGN0032006,FBGN0014010"
"GO:MF","purine ribonucleotide binding","GO:0032555","false","0.0000013532085313820986","5.868635272840539","1015","48","19","11914","FBGN0010379,FBGN0004106,FBGN0010341,FBGN0026479,FBGN0001217,FBGN0001220,FBGN0013275,FBGN0013276,FBGN0013277,FBGN0013278,FBGN0051354,FBGN0013279,FBGN0001233,FBGN0261984,FBGN0000229,FBGN0024329,FBGN0000063,FBGN0032006,FBGN0014010"
"GO:MF","ribonucleotide binding","GO:0032553","false","0.000001645032677196284","5.7838254707321965","1027","48","19","11914","FBGN0010379,FBGN0004106,FBGN0010341,FBGN0026479,FBGN0001217,FBGN0001220,FBGN0013275,FBGN0013276,FBGN0013277,FBGN0013278,FBGN0051354,FBGN0013279,FBGN0001233,FBGN0261984,FBGN0000229,FBGN0024329,FBGN0000063,FBGN0032006,FBGN0014010"
"GO:MF","purine nucleotide binding","GO:0017076","false","0.000003000674257849725","5.522781147426442","1065","48","19","11914","FBGN0010379,FBGN0004106,FBGN0010341,FBGN0026479,FBGN0001217,FBGN0001220,FBGN0013275,FBGN0013276,FBGN0013277,FBGN0013278,FBGN0051354,FBGN0013279,FBGN0001233,FBGN0261984,FBGN0000229,FBGN0024329,FBGN0000063,FBGN0032006,FBGN0014010"
"GO:MF","ion binding","GO:0043167","false","0.000007047559289343174","5.151961261830781","3104","48","31","11914","FBGN0010379,FBGN0000261,FBGN0004106,FBGN0010341,FBGN0000422,FBGN0000463,FBGN0039683,FBGN0026479,FBGN0001217,FBGN0001220,FBGN0013275,FBGN0013276,FBGN0013277,FBGN0013278,FBGN0051354,FBGN0013279,FBGN0001233,FBGN0261984,FBGN0000229,FBGN0024329,FBGN0000063,FBGN0040305,FBGN0002868,FBGN0002869,FBGN0038790,FBGN0053192,FBGN0032006,FBGN0014010,FBGN0003462,FBGN0010213,FBGN0033631"
"GO:MF","heterocyclic compound binding","GO:1901363","false","0.000008860433618532365","5.052545023764444","1271","48","20","11914","FBGN0010379,FBGN0004106,FBGN0010341,FBGN0000422,FBGN0026479,FBGN0001217,FBGN0001220,FBGN0013275,FBGN0013276,FBGN0013277,FBGN0013278,FBGN0051354,FBGN0013279,FBGN0001233,FBGN0261984,FBGN0000229,FBGN0024329,FBGN0000063,FBGN0032006,FBGN0014010"
"GO:MF","anion binding","GO:0043168","false","0.000008860433618532365","5.052545023764444","1271","48","20","11914","FBGN0010379,FBGN0004106,FBGN0010341,FBGN0000422,FBGN0026479,FBGN0001217,FBGN0001220,FBGN0013275,FBGN0013276,FBGN0013277,FBGN0013278,FBGN0051354,FBGN0013279,FBGN0001233,FBGN0261984,FBGN0000229,FBGN0024329,FBGN0000063,FBGN0032006,FBGN0014010"
"GO:MF","protein binding","GO:0005515","false","0.000013272666240324754","4.877041826408461","3828","48","34","11914","FBGN0010379,FBGN0000490,FBGN0005590,FBGN0004106,FBGN0010341,FBGN0029131,FBGN0000463,FBGN0039683,FBGN0026479,FBGN0033159,FBGN0020388,FBGN0001217,FBGN0001220,FBGN0001222,FBGN0001224,FBGN0013275,FBGN0013276,FBGN0013278,FBGN0051354,FBGN0013279,FBGN0001233,FBGN0261984,FBGN0000229,FBGN0039354,FBGN0024329,FBGN0002869,FBGN0032006,FBGN0014010,FBGN0052062,FBGN0263289,FBGN0003462,FBGN0016917,FBGN0262473,FBGN0035934"
"GO:MF","small molecule binding","GO:0036094","false","0.000015858055146667082","4.7997500762152825","3205","48","31","11914","FBGN0010379,FBGN0000261,FBGN0004106,FBGN0010341,FBGN0000422,FBGN0000463,FBGN0039683,FBGN0026479,FBGN0001217,FBGN0001220,FBGN0013275,FBGN0013276,FBGN0013277,FBGN0013278,FBGN0051354,FBGN0013279,FBGN0001233,FBGN0261984,FBGN0000229,FBGN0024329,FBGN0000063,FBGN0040305,FBGN0002868,FBGN0002869,FBGN0038790,FBGN0053192,FBGN0032006,FBGN0014010,FBGN0003462,FBGN0010213,FBGN0033631"
"GO:MF","nucleotide binding","GO:0000166","false","0.00001690435535464629","4.772001386345007","1184","48","19","11914","FBGN0010379,FBGN0004106,FBGN0010341,FBGN0026479,FBGN0001217,FBGN0001220,FBGN0013275,FBGN0013276,FBGN0013277,FBGN0013278,FBGN0051354,FBGN0013279,FBGN0001233,FBGN0261984,FBGN0000229,FBGN0024329,FBGN0000063,FBGN0032006,FBGN0014010"
"GO:MF","nucleoside phosphate binding","GO:1901265","false","0.00001936069318439241","4.713079097401219","1194","48","19","11914","FBGN0010379,FBGN0004106,FBGN0010341,FBGN0026479,FBGN0001217,FBGN0001220,FBGN0013275,FBGN0013276,FBGN0013277,FBGN0013278,FBGN0051354,FBGN0013279,FBGN0001233,FBGN0261984,FBGN0000229,FBGN0024329,FBGN0000063,FBGN0032006,FBGN0014010"
"GO:MF","ATP binding","GO:0005524","false","0.000024122505685452422","4.617577582566478","833","48","16","11914","FBGN0010379,FBGN0004106,FBGN0001217,FBGN0001220,FBGN0013275,FBGN0013276,FBGN0013277,FBGN0013278,FBGN0051354,FBGN0013279,FBGN0001233,FBGN0261984,FBGN0000229,FBGN0024329,FBGN0000063,FBGN0032006"
"GO:MF","adenyl ribonucleotide binding","GO:0032559","false","0.00002709767591860022","4.567067955583526","840","48","16","11914","FBGN0010379,FBGN0004106,FBGN0001217,FBGN0001220,FBGN0013275,FBGN0013276,FBGN0013277,FBGN0013278,FBGN0051354,FBGN0013279,FBGN0001233,FBGN0261984,FBGN0000229,FBGN0024329,FBGN0000063,FBGN0032006"
"GO:MF","binding","GO:0005488","false","0.000029103471448831426","4.536055205476177","7100","48","45","11914","FBGN0010379,FBGN0000490,FBGN0005590,FBGN0000261,FBGN0004106,FBGN0010341,FBGN0000422,FBGN0029131,FBGN0000463,FBGN0039683,FBGN0026479,FBGN0033159,FBGN0020388,FBGN0001217,FBGN0001220,FBGN0001222,FBGN0001224,FBGN0013275,FBGN0013276,FBGN0013277,FBGN0013278,FBGN0051354,FBGN0013279,FBGN0001233,FBGN0261984,FBGN0000229,FBGN0039354,FBGN0024329,FBGN0000063,FBGN0040305,FBGN0002868,FBGN0002869,FBGN0038790,FBGN0053192,FBGN0032006,FBGN0014010,FBGN0052062,FBGN0263289,FBGN0003462,FBGN0010213,FBGN0033631,FBGN0016917,FBGN0262473,FBGN0035934,FBGN0261113"
"GO:MF","adenyl nucleotide binding","GO:0030554","false","0.00006022528122966491","4.220221163331172","890","48","16","11914","FBGN0010379,FBGN0004106,FBGN0001217,FBGN0001220,FBGN0013275,FBGN0013276,FBGN0013277,FBGN0013278,FBGN0051354,FBGN0013279,FBGN0001233,FBGN0261984,FBGN0000229,FBGN0024329,FBGN0000063,FBGN0032006"
"GO:MF","ribonucleoside triphosphate phosphatase activity","GO:0017111","false","0.0002167487503820814","3.6640433976751936","423","48","11","11914","FBGN0010341,FBGN0026479,FBGN0001217,FBGN0001220,FBGN0013275,FBGN0013276,FBGN0013278,FBGN0051354,FBGN0013279,FBGN0001233,FBGN0014010"
"GO:MF","oxidoreductase activity, acting on superoxide radicals as acceptor","GO:0016721","false","0.0003851943342642828","3.414320109439128","6","48","3","11914","FBGN0003462,FBGN0010213,FBGN0033631"
"GO:MF","superoxide dismutase activity","GO:0004784","true","0.0003851943342642828","3.414320109439128","6","48","3","11914","FBGN0003462,FBGN0010213,FBGN0033631"
"GO:MF","pyrophosphatase activity","GO:0016462","false","0.00043491332339776716","3.3615972876910694","454","48","11","11914","FBGN0010341,FBGN0026479,FBGN0001217,FBGN0001220,FBGN0013275,FBGN0013276,FBGN0013278,FBGN0051354,FBGN0013279,FBGN0001233,FBGN0014010"
"GO:MF","hydrolase activity, acting on acid anhydrides, in phosphorus-containing anhydrides","GO:0016818","false","0.0004739079857912815","3.3243059729721205","458","48","11","11914","FBGN0010341,FBGN0026479,FBGN0001217,FBGN0001220,FBGN0013275,FBGN0013276,FBGN0013278,FBGN0051354,FBGN0013279,FBGN0001233,FBGN0014010"
"GO:MF","hydrolase activity, acting on acid anhydrides","GO:0016817","false","0.0004739079857912815","3.3243059729721205","458","48","11","11914","FBGN0010341,FBGN0026479,FBGN0001217,FBGN0001220,FBGN0013275,FBGN0013276,FBGN0013278,FBGN0051354,FBGN0013279,FBGN0001233,FBGN0014010"
"GO:MF","ATP hydrolysis activity","GO:0016887","false","0.004005378692012972","2.3973564168889467","276","48","8","11914","FBGN0001217,FBGN0001220,FBGN0013275,FBGN0013276,FBGN0013278,FBGN0051354,FBGN0013279,FBGN0001233"
"GO:MF","ATP-dependent activity","GO:0140657","false","0.011195720557513097","1.9509479499561986","416","48","9","11914","FBGN0001217,FBGN0001220,FBGN0013275,FBGN0013276,FBGN0013277,FBGN0013278,FBGN0051354,FBGN0013279,FBGN0001233"
"GO:MF","protein kinase activity","GO:0004672","true","0.015379962508028233","1.8130447232196527","243","48","7","11914","FBGN0010379,FBGN0004106,FBGN0261984,FBGN0000229,FBGN0024329,FBGN0000063,FBGN0032006"
"GO:MF","protein serine/threonine kinase activity","GO:0004674","false","0.0291977789379926","1.534650183882438","185","48","6","11914","FBGN0010379,FBGN0004106,FBGN0261984,FBGN0000229,FBGN0024329,FBGN0000063"
"GO:MF","antioxidant activity","GO:0016209","false","0.032359654175988836","1.4899961282916034","61","48","4","11914","FBGN0000261,FBGN0003462,FBGN0010213,FBGN0033631"
"GO:MF","cytokine activity","GO:0005125","true","0.047316741545834005","1.3249851705823348","26","48","3","11914","FBGN0000490,FBGN0005590,FBGN0053542"
"GO:MF","copper ion binding","GO:0005507","true","0.047316741545834005","1.3249851705823348","26","48","3","11914","FBGN0002869,FBGN0003462,FBGN0033631"
"GO:BP","response to stimulus","GO:0050896","true","5.111129330109923e-14","13.291483129680165","3173","48","41","11642","FBGN0010379,FBGN0000490,FBGN0005590,FBGN0000261,FBGN0004106,FBGN0010341,FBGN0000422,FBGN0029131,FBGN0000463,FBGN0033159,FBGN0001222,FBGN0001224,FBGN0013275,FBGN0013276,FBGN0013277,FBGN0013278,FBGN0051354,FBGN0013279,FBGN0001233,FBGN0261984,FBGN0000229,FBGN0039354,FBGN0024329,FBGN0000063,FBGN0040305,FBGN0002868,FBGN0002869,FBGN0038790,FBGN0053192,FBGN0032006,FBGN0014010,FBGN0052062,FBGN0263289,FBGN0003462,FBGN0010213,FBGN0033631,FBGN0016917,FBGN0262473,FBGN0035934,FBGN0053542,FBGN0261113"
"GO:BP","response to stress","GO:0006950","false","2.4496769808755726e-13","12.61089117876691","1422","48","30","11642","FBGN0010379,FBGN0000261,FBGN0004106,FBGN0010341,FBGN0000422,FBGN0029131,FBGN0001222,FBGN0001224,FBGN0013275,FBGN0013276,FBGN0013277,FBGN0013278,FBGN0051354,FBGN0013279,FBGN0001233,FBGN0261984,FBGN0000229,FBGN0024329,FBGN0000063,FBGN0040305,FBGN0032006,FBGN0052062,FBGN0003462,FBGN0010213,FBGN0033631,FBGN0016917,FBGN0262473,FBGN0035934,FBGN0053542,FBGN0261113"
"GO:BP","cellular response to chemical stimulus","GO:0070887","false","3.346401479984458e-13","12.475421956355666","393","48","19","11642","FBGN0010379,FBGN0000490,FBGN0000261,FBGN0001233,FBGN0000229,FBGN0039354,FBGN0024329,FBGN0040305,FBGN0002868,FBGN0002869,FBGN0038790,FBGN0053192,FBGN0032006,FBGN0052062,FBGN0003462,FBGN0010213,FBGN0033631,FBGN0016917,FBGN0262473"
"GO:BP","cellular response to stimulus","GO:0051716","false","1.923874942203234e-12","11.71582316185966","2288","48","35","11642","FBGN0010379,FBGN0000490,FBGN0005590,FBGN0000261,FBGN0004106,FBGN0010341,FBGN0029131,FBGN0000463,FBGN0013275,FBGN0013276,FBGN0013278,FBGN0051354,FBGN0013279,FBGN0001233,FBGN0261984,FBGN0000229,FBGN0039354,FBGN0024329,FBGN0000063,FBGN0040305,FBGN0002868,FBGN0002869,FBGN0038790,FBGN0053192,FBGN0032006,FBGN0014010,FBGN0052062,FBGN0003462,FBGN0010213,FBGN0033631,FBGN0016917,FBGN0262473,FBGN0035934,FBGN0053542,FBGN0261113"
"GO:BP","response to chemical","GO:0042221","false","7.762918470433412e-12","11.109974974963315","1001","48","25","11642","FBGN0010379,FBGN0000490,FBGN0000261,FBGN0000422,FBGN0033159,FBGN0013278,FBGN0013279,FBGN0001233,FBGN0000229,FBGN0039354,FBGN0024329,FBGN0040305,FBGN0002868,FBGN0002869,FBGN0038790,FBGN0053192,FBGN0032006,FBGN0052062,FBGN0263289,FBGN0003462,FBGN0010213,FBGN0033631,FBGN0016917,FBGN0262473,FBGN0035934"
"GO:BP","response to heat","GO:0009408","false","1.68117488667686e-11","10.774387106091726","81","48","11","11642","FBGN0001222,FBGN0001224,FBGN0013275,FBGN0013276,FBGN0013278,FBGN0051354,FBGN0013279,FBGN0001233,FBGN0000229,FBGN0024329,FBGN0035934"
"GO:BP","cellular response to stress","GO:0033554","false","9.646010607333317e-11","10.015652264837545","618","48","20","11642","FBGN0010379,FBGN0000261,FBGN0004106,FBGN0029131,FBGN0013275,FBGN0013276,FBGN0013278,FBGN0051354,FBGN0013279,FBGN0001233,FBGN0261984,FBGN0000229,FBGN0024329,FBGN0040305,FBGN0052062,FBGN0003462,FBGN0010213,FBGN0033631,FBGN0035934,FBGN0261113"
"GO:BP","response to temperature stimulus","GO:0009266","false","1.7583893174161805e-10","9.754884963342615","135","48","12","11642","FBGN0000422,FBGN0001222,FBGN0001224,FBGN0013275,FBGN0013276,FBGN0013278,FBGN0051354,FBGN0013279,FBGN0001233,FBGN0000229,FBGN0024329,FBGN0035934"
"GO:BP","protein refolding","GO:0042026","true","3.322823190181174e-10","9.47849276722914","31","48","8","11642","FBGN0001217,FBGN0001220,FBGN0001224,FBGN0013275,FBGN0013276,FBGN0013278,FBGN0051354,FBGN0013279"
"GO:BP","response to abiotic stimulus","GO:0009628","false","4.122479495336836e-10","9.384841495800899","426","48","17","11642","FBGN0000422,FBGN0029131,FBGN0033159,FBGN0001222,FBGN0001224,FBGN0013275,FBGN0013276,FBGN0013278,FBGN0051354,FBGN0013279,FBGN0001233,FBGN0000229,FBGN0024329,FBGN0000063,FBGN0033631,FBGN0016917,FBGN0035934"
"GO:BP","cellular response to heat","GO:0034605","false","1.5965928436608634e-9","8.796805821680001","37","48","8","11642","FBGN0013275,FBGN0013276,FBGN0013278,FBGN0051354,FBGN0013279,FBGN0001233,FBGN0024329,FBGN0035934"
"GO:BP","heat shock-mediated polytene chromosome puffing","GO:0035080","false","5.3354028074224714e-8","7.2728327870291904","8","48","5","11642","FBGN0013275,FBGN0013276,FBGN0013278,FBGN0051354,FBGN0013279"
"GO:BP","protein folding","GO:0006457","false","9.701231502637334e-8","7.0131731316253365","130","48","10","11642","FBGN0001217,FBGN0001220,FBGN0001224,FBGN0013275,FBGN0013276,FBGN0013277,FBGN0013278,FBGN0051354,FBGN0013279,FBGN0001233"
"GO:BP","polytene chromosome puffing","GO:0035079","false","1.1967692505820798e-7","6.921989577963975","9","48","5","11642","FBGN0013275,FBGN0013276,FBGN0013278,FBGN0051354,FBGN0013279"
"GO:BP","response to toxic substance","GO:0009636","false","1.8882399675451724e-7","6.7239428140854995","139","48","10","11642","FBGN0000261,FBGN0013278,FBGN0013279,FBGN0002868,FBGN0002869,FBGN0038790,FBGN0053192,FBGN0003462,FBGN0010213,FBGN0033631"
"GO:BP","cellular response to toxic substance","GO:0097237","false","3.964119205909754e-7","6.4018532942245","71","48","8","11642","FBGN0000261,FBGN0002868,FBGN0002869,FBGN0038790,FBGN0053192,FBGN0003462,FBGN0010213,FBGN0033631"
"GO:BP","cellular detoxification","GO:1990748","false","3.964119205909754e-7","6.4018532942245","71","48","8","11642","FBGN0000261,FBGN0002868,FBGN0002869,FBGN0038790,FBGN0053192,FBGN0003462,FBGN0010213,FBGN0033631"
"GO:BP","cellular response to chemical stress","GO:0062197","false","5.175373342030682e-7","6.286058315526041","45","48","7","11642","FBGN0000229,FBGN0024329,FBGN0040305,FBGN0052062,FBGN0003462,FBGN0010213,FBGN0033631"
"GO:BP","response to metal ion","GO:0010038","false","6.085445691002418e-7","6.215707609043659","46","48","7","11642","FBGN0000229,FBGN0024329,FBGN0040305,FBGN0002868,FBGN0002869,FBGN0038790,FBGN0053192"
"GO:BP","cellular detoxification of metal ion","GO:0140961","false","0.000001267877707293097","5.896922634158629","5","48","4","11642","FBGN0002868,FBGN0002869,FBGN0038790,FBGN0053192"
"GO:BP","response to oxidative stress","GO:0006979","false","0.0000031034906414980294","5.508149559881256","134","48","9","11642","FBGN0010379,FBGN0000261,FBGN0000422,FBGN0000229,FBGN0024329,FBGN0040305,FBGN0003462,FBGN0010213,FBGN0033631"
"GO:BP","cell population proliferation","GO:0008283","false","0.00000419308164120469","5.3774666816032255","319","48","12","11642","FBGN0010379,FBGN0000261,FBGN0004106,FBGN0010341,FBGN0000463,FBGN0001233,FBGN0000229,FBGN0263289,FBGN0016917,FBGN0262473,FBGN0053542,FBGN0261113"
"GO:BP","response to hypoxia","GO:0001666","false","0.000004204936792790201","5.376240527987055","60","48","7","11642","FBGN0001224,FBGN0013275,FBGN0013276,FBGN0013278,FBGN0051354,FBGN0013279,FBGN0000063"
"GO:BP","detoxification","GO:0098754","false","0.000005853521963656353","5.232582747741532","99","48","8","11642","FBGN0000261,FBGN0002868,FBGN0002869,FBGN0038790,FBGN0053192,FBGN0003462,FBGN0010213,FBGN0033631"
"GO:BP","response to decreased oxygen levels","GO:0036293","false","0.000007463663175604194","5.127047967905333","65","48","7","11642","FBGN0001224,FBGN0013275,FBGN0013276,FBGN0013278,FBGN0051354,FBGN0013279,FBGN0000063"
"GO:BP","response to reactive oxygen species","GO:0000302","false","0.000007503840002047627","5.12471643461948","37","48","6","11642","FBGN0000261,FBGN0000422,FBGN0000229,FBGN0003462,FBGN0010213,FBGN0033631"
"GO:BP","response to oxygen levels","GO:0070482","false","0.000018763107534518975","4.7266952324106315","74","48","7","11642","FBGN0001224,FBGN0013275,FBGN0013276,FBGN0013278,FBGN0051354,FBGN0013279,FBGN0000063"
"GO:BP","regulation of cell population proliferation","GO:0042127","false","0.00002136925584405398","4.670210601300983","226","48","10","11642","FBGN0010379,FBGN0000261,FBGN0000463,FBGN0001233,FBGN0000229,FBGN0263289,FBGN0016917,FBGN0262473,FBGN0053542,FBGN0261113"
"GO:BP","response to wounding","GO:0009611","false","0.00006034269176874481","4.219375320706636","133","48","8","11642","FBGN0010379,FBGN0010341,FBGN0000422,FBGN0000229,FBGN0032006,FBGN0016917,FBGN0262473,FBGN0053542"
"GO:BP","follicle cell of egg chamber development","GO:0030707","false","0.00007214686822556356","4.14178251615574","257","48","10","11642","FBGN0010379,FBGN0000490,FBGN0004106,FBGN0010341,FBGN0000463,FBGN0000229,FBGN0032006,FBGN0014010,FBGN0263289,FBGN0016917"
"GO:BP","positive regulation of cell population proliferation","GO:0008284","false","0.00009313599914303598","4.03088242205523","93","48","7","11642","FBGN0010379,FBGN0000463,FBGN0001233,FBGN0000229,FBGN0016917,FBGN0262473,FBGN0053542"
"GO:BP","developmental process involved in reproduction","GO:0003006","false","0.00010104050144997739","3.9955045071041733","949","48","17","11642","FBGN0010379,FBGN0000490,FBGN0005590,FBGN0004106,FBGN0010341,FBGN0029131,FBGN0000463,FBGN0039683,FBGN0001233,FBGN0000229,FBGN0000063,FBGN0032006,FBGN0014010,FBGN0052062,FBGN0263289,FBGN0016917,FBGN0053542"
"GO:BP","cellular response to oxygen-containing compound","GO:1901701","false","0.0001162141778701298","3.9347408857567507","203","48","9","11642","FBGN0010379,FBGN0001233,FBGN0000229,FBGN0032006,FBGN0003462,FBGN0010213,FBGN0033631,FBGN0016917,FBGN0262473"
"GO:BP","female gamete generation","GO:0007292","false","0.0001446430505338325","3.839702427465782","632","48","14","11642","FBGN0010379,FBGN0000490,FBGN0004106,FBGN0010341,FBGN0000463,FBGN0001233,FBGN0000229,FBGN0000063,FBGN0032006,FBGN0014010,FBGN0052062,FBGN0263289,FBGN0016917,FBGN0053542"
"GO:BP","protein maturation","GO:0051604","false","0.0001556920905593885","3.807733449818931","279","48","10","11642","FBGN0001217,FBGN0001220,FBGN0001224,FBGN0013275,FBGN0013276,FBGN0013277,FBGN0013278,FBGN0051354,FBGN0013279,FBGN0001233"
"GO:BP","response to oxygen-containing compound","GO:1901700","false","0.00016702389038791287","3.7772214047711317","359","48","11","11642","FBGN0010379,FBGN0000261,FBGN0000422,FBGN0001233,FBGN0000229,FBGN0032006,FBGN0003462,FBGN0010213,FBGN0033631,FBGN0016917,FBGN0262473"
"GO:BP","embryo development","GO:0009790","true","0.0001797874940510098","3.745240520909416","542","48","13","11642","FBGN0000490,FBGN0005590,FBGN0004106,FBGN0010341,FBGN0026479,FBGN0001233,FBGN0000229,FBGN0032006,FBGN0014010,FBGN0263289,FBGN0016917,FBGN0262473,FBGN0053542"
"GO:BP","developmental growth","GO:0048589","false","0.00019738408334618916","3.7046878708843076","365","48","11","11642","FBGN0010379,FBGN0000490,FBGN0010341,FBGN0033159,FBGN0261984,FBGN0000229,FBGN0039354,FBGN0014010,FBGN0263289,FBGN0016917,FBGN0262473"
"GO:BP","epithelial cell development","GO:0002064","false","0.00021606228049888277","3.6654210443199857","289","48","10","11642","FBGN0010379,FBGN0000490,FBGN0004106,FBGN0010341,FBGN0000463,FBGN0000229,FBGN0032006,FBGN0014010,FBGN0263289,FBGN0016917"
"GO:BP","post-embryonic development","GO:0009791","false","0.0002419943890155618","3.6161947036387003","659","48","14","11642","FBGN0000490,FBGN0005590,FBGN0010341,FBGN0000463,FBGN0026479,FBGN0000229,FBGN0039354,FBGN0032006,FBGN0014010,FBGN0052062,FBGN0263289,FBGN0016917,FBGN0262473,FBGN0053542"
"GO:BP","intestinal stem cell homeostasis","GO:0036335","true","0.0002446856175598822","3.6113915574073028","34","48","5","11642","FBGN0000490,FBGN0000261,FBGN0032006,FBGN0016917,FBGN0053542"
"GO:BP","embryonic development via the syncytial blastoderm","GO:0001700","false","0.00030551483717677436","3.5149676936128182","164","48","8","11642","FBGN0000490,FBGN0004106,FBGN0010341,FBGN0000229,FBGN0032006,FBGN0014010,FBGN0263289,FBGN0053542"
"GO:BP","epithelial cell migration","GO:0010631","false","0.00036747505661306886","3.4347721345197813","168","48","8","11642","FBGN0010379,FBGN0000490,FBGN0010341,FBGN0000463,FBGN0000229,FBGN0032006,FBGN0014010,FBGN0016917"
"GO:BP","regulation of developmental process","GO:0050793","false","0.0003746740732902109","3.426346358191404","683","48","14","11642","FBGN0010379,FBGN0000490,FBGN0000261,FBGN0010341,FBGN0000463,FBGN0026479,FBGN0033159,FBGN0001233,FBGN0261984,FBGN0000229,FBGN0039354,FBGN0263289,FBGN0016917,FBGN0262473"
"GO:BP","epithelium migration","GO:0090132","false","0.000384548819521081","3.4150485174939447","169","48","8","11642","FBGN0010379,FBGN0000490,FBGN0010341,FBGN0000463,FBGN0000229,FBGN0032006,FBGN0014010,FBGN0016917"
"GO:BP","oogenesis","GO:0048477","false","0.0004244191942893811","3.37220498342889","584","48","13","11642","FBGN0010379,FBGN0000490,FBGN0004106,FBGN0010341,FBGN0000463,FBGN0001233,FBGN0000229,FBGN0032006,FBGN0014010,FBGN0052062,FBGN0263289,FBGN0016917,FBGN0053542"
"GO:BP","response to unfolded protein","GO:0006986","false","0.00043597597015663603","3.3605374472359366","38","48","5","11642","FBGN0013275,FBGN0013276,FBGN0013278,FBGN0013279,FBGN0261984"
"GO:BP","embryo development ending in birth or egg hatching","GO:0009792","false","0.00045982368915974576","3.337408658542286","173","48","8","11642","FBGN0000490,FBGN0004106,FBGN0010341,FBGN0000229,FBGN0032006,FBGN0014010,FBGN0263289,FBGN0053542"
"GO:BP","tissue migration","GO:0090130","false","0.0005473863615756385","3.261706027470707","177","48","8","11642","FBGN0010379,FBGN0000490,FBGN0010341,FBGN0000463,FBGN0000229,FBGN0032006,FBGN0014010,FBGN0016917"
"GO:BP","cellular response to oxidative stress","GO:0034599","false","0.0005680190261588559","3.2456371170752223","40","48","5","11642","FBGN0000229,FBGN0040305,FBGN0003462,FBGN0010213,FBGN0033631"
"GO:BP","cellular response to reactive oxygen species","GO:0034614","false","0.0005819738101598494","3.2350965589222467","17","48","4","11642","FBGN0000229,FBGN0003462,FBGN0010213,FBGN0033631"
"GO:BP","border follicle cell migration","GO:0007298","false","0.0006019734452143747","3.2204226663023574","122","48","7","11642","FBGN0010379,FBGN0010341,FBGN0000463,FBGN0000229,FBGN0032006,FBGN0014010,FBGN0016917"
"GO:BP","animal organ development","GO:0048513","false","0.0006160327353083902","3.2103962092867775","1210","48","18","11642","FBGN0000490,FBGN0005590,FBGN0000261,FBGN0010341,FBGN0000422,FBGN0000463,FBGN0026479,FBGN0033159,FBGN0261984,FBGN0000229,FBGN0265042,FBGN0032006,FBGN0014010,FBGN0052062,FBGN0263289,FBGN0016917,FBGN0262473,FBGN0053542"
"GO:BP","homeostasis of number of cells","GO:0048872","false","0.0007298180350355139","3.136785408689065","42","48","5","11642","FBGN0000490,FBGN0000261,FBGN0032006,FBGN0016917,FBGN0053542"
"GO:BP","positive regulation of biological process","GO:0048518","false","0.0007717765648820128","3.1125084129853366","1827","48","22","11642","FBGN0010379,FBGN0000490,FBGN0010341,FBGN0029131,FBGN0000463,FBGN0039683,FBGN0026479,FBGN0033159,FBGN0020388,FBGN0001222,FBGN0001233,FBGN0000229,FBGN0024329,FBGN0000063,FBGN0040305,FBGN0032006,FBGN0052062,FBGN0003462,FBGN0016917,FBGN0262473,FBGN0035934,FBGN0053542"
"GO:BP","germ cell development","GO:0007281","false","0.0007720732531538813","3.1123414924994206","725","48","14","11642","FBGN0010379,FBGN0000490,FBGN0004106,FBGN0010341,FBGN0000463,FBGN0001233,FBGN0000229,FBGN0000063,FBGN0032006,FBGN0014010,FBGN0052062,FBGN0263289,FBGN0016917,FBGN0053542"
"GO:BP","ameboidal-type cell migration","GO:0001667","false","0.000797976160954512","3.098010082735179","186","48","8","11642","FBGN0010379,FBGN0000490,FBGN0010341,FBGN0000463,FBGN0000229,FBGN0032006,FBGN0014010,FBGN0016917"
"GO:BP","epithelial cell differentiation","GO:0030855","false","0.0010162518283713545","2.992998660044","342","48","10","11642","FBGN0010379,FBGN0000490,FBGN0004106,FBGN0010341,FBGN0000463,FBGN0000229,FBGN0032006,FBGN0014010,FBGN0263289,FBGN0016917"
"GO:BP","response to topologically incorrect protein","GO:0035966","false","0.0010385427957151096","2.9835756025858142","45","48","5","11642","FBGN0013275,FBGN0013276,FBGN0013278,FBGN0013279,FBGN0261984"
"GO:BP","growth","GO:0040007","false","0.0010807944036579184","2.966256912752474","433","48","11","11642","FBGN0010379,FBGN0000490,FBGN0010341,FBGN0033159,FBGN0261984,FBGN0000229,FBGN0039354,FBGN0014010,FBGN0263289,FBGN0016917,FBGN0262473"
"GO:BP","detoxification of inorganic compound","GO:0061687","false","0.0011740232663849132","2.9303232963060726","20","48","4","11642","FBGN0002868,FBGN0002869,FBGN0038790,FBGN0053192"
"GO:BP","follicle cell of egg chamber migration","GO:0007297","false","0.001194973978573102","2.922641551690869","135","48","7","11642","FBGN0010379,FBGN0010341,FBGN0000463,FBGN0000229,FBGN0032006,FBGN0014010,FBGN0016917"
"GO:BP","positive regulation of cellular process","GO:0048522","false","0.0012562173869031582","2.900935199959296","1718","48","21","11642","FBGN0010379,FBGN0000490,FBGN0010341,FBGN0029131,FBGN0000463,FBGN0039683,FBGN0026479,FBGN0033159,FBGN0020388,FBGN0001222,FBGN0001233,FBGN0000229,FBGN0024329,FBGN0040305,FBGN0032006,FBGN0052062,FBGN0003462,FBGN0016917,FBGN0262473,FBGN0035934,FBGN0053542"
"GO:BP","cellular process involved in reproduction in multicellular organism","GO:0022412","false","0.0017417839139182785","2.7590057246520536","776","48","14","11642","FBGN0010379,FBGN0000490,FBGN0004106,FBGN0010341,FBGN0000463,FBGN0001233,FBGN0000229,FBGN0000063,FBGN0032006,FBGN0014010,FBGN0052062,FBGN0263289,FBGN0016917,FBGN0053542"
"GO:BP","wound healing","GO:0042060","false","0.0019407925507133534","2.7120208834139685","92","48","6","11642","FBGN0010379,FBGN0010341,FBGN0000229,FBGN0032006,FBGN0016917,FBGN0053542"
"GO:BP","cell development","GO:0048468","false","0.0021059402841035026","2.6765539478001155","1462","48","19","11642","FBGN0010379,FBGN0000490,FBGN0004106,FBGN0010341,FBGN0029131,FBGN0000463,FBGN0026479,FBGN0033159,FBGN0001233,FBGN0261984,FBGN0000229,FBGN0000063,FBGN0032006,FBGN0014010,FBGN0052062,FBGN0263289,FBGN0016917,FBGN0262473,FBGN0053542"
"GO:BP","hemopoiesis","GO:0030097","false","0.002202392031809372","2.6571053728767495","94","48","6","11642","FBGN0000490,FBGN0010341,FBGN0026479,FBGN0032006,FBGN0016917,FBGN0053542"
"GO:BP","imaginal disc development","GO:0007444","false","0.0026471140534296174","2.577227346304233","577","48","12","11642","FBGN0000490,FBGN0005590,FBGN0010341,FBGN0000422,FBGN0000463,FBGN0000229,FBGN0265042,FBGN0032006,FBGN0014010,FBGN0052062,FBGN0263289,FBGN0016917"
"GO:BP","larval lymph gland hemopoiesis","GO:0035167","false","0.002867342168564945","2.5425204782942803","55","48","5","11642","FBGN0000490,FBGN0026479,FBGN0032006,FBGN0016917,FBGN0053542"
"GO:BP","post-embryonic hemopoiesis","GO:0035166","false","0.002867342168564945","2.5425204782942803","55","48","5","11642","FBGN0000490,FBGN0026479,FBGN0032006,FBGN0016917,FBGN0053542"
"GO:BP","signaling","GO:0023052","false","0.00325456542493274","2.487506993625348","1985","48","22","11642","FBGN0000024,FBGN0010379,FBGN0000490,FBGN0005590,FBGN0000261,FBGN0004106,FBGN0010341,FBGN0029131,FBGN0000463,FBGN0001233,FBGN0261984,FBGN0000229,FBGN0039354,FBGN0024329,FBGN0000063,FBGN0032006,FBGN0014010,FBGN0003462,FBGN0016917,FBGN0262473,FBGN0035934,FBGN0053542"
"GO:BP","wing disc development","GO:0035220","false","0.0033219405849894434","2.478608139446931","390","48","10","11642","FBGN0000490,FBGN0005590,FBGN0010341,FBGN0000422,FBGN0000463,FBGN0265042,FBGN0014010,FBGN0052062,FBGN0263289,FBGN0016917"
"GO:BP","dorsal closure","GO:0007391","false","0.0035530626472389895","2.4493971350070582","102","48","6","11642","FBGN0000490,FBGN0010341,FBGN0000229,FBGN0032006,FBGN0014010,FBGN0263289"
"GO:BP","cell communication","GO:0007154","false","0.003701364266240113","2.4316381721236735","2000","48","22","11642","FBGN0000024,FBGN0010379,FBGN0000490,FBGN0005590,FBGN0000261,FBGN0004106,FBGN0010341,FBGN0029131,FBGN0000463,FBGN0001233,FBGN0261984,FBGN0000229,FBGN0039354,FBGN0024329,FBGN0000063,FBGN0032006,FBGN0014010,FBGN0003462,FBGN0016917,FBGN0262473,FBGN0035934,FBGN0053542"
"GO:BP","system development","GO:0048731","false","0.004314797896820396","2.365039541629247","1533","48","19","11642","FBGN0010379,FBGN0000490,FBGN0005590,FBGN0000261,FBGN0004106,FBGN0010341,FBGN0000463,FBGN0026479,FBGN0033159,FBGN0001233,FBGN0261984,FBGN0000229,FBGN0032006,FBGN0014010,FBGN0052062,FBGN0263289,FBGN0016917,FBGN0262473,FBGN0053542"
"GO:BP","locomotion","GO:0040011","true","0.004457376819928288","2.350920649759923","234","48","8","11642","FBGN0010379,FBGN0000490,FBGN0000422,FBGN0033159,FBGN0000229,FBGN0032006,FBGN0262473,FBGN0035934"
"GO:BP","embryonic morphogenesis","GO:0048598","false","0.004746987173296408","2.3235819417752395","236","48","8","11642","FBGN0000490,FBGN0005590,FBGN0010341,FBGN0026479,FBGN0000229,FBGN0032006,FBGN0014010,FBGN0263289"
"GO:BP","imaginal disc morphogenesis","GO:0007560","false","0.004857523947608692","2.313585049649709","407","48","10","11642","FBGN0000490,FBGN0005590,FBGN0010341,FBGN0000463,FBGN0000229,FBGN0032006,FBGN0014010,FBGN0052062,FBGN0263289,FBGN0016917"
"GO:BP","cell migration","GO:0016477","false","0.005088576263908529","2.2934037122055453","319","48","9","11642","FBGN0010379,FBGN0000490,FBGN0010341,FBGN0000463,FBGN0033159,FBGN0000229,FBGN0032006,FBGN0014010,FBGN0016917"
"GO:BP","response to oxygen radical","GO:0000305","false","0.005430511262598458","2.2651592812632835","9","48","3","11642","FBGN0003462,FBGN0010213,FBGN0033631"
"GO:BP","cellular response to superoxide","GO:0071451","false","0.005430511262598458","2.2651592812632835","9","48","3","11642","FBGN0003462,FBGN0010213,FBGN0033631"
"GO:BP","cellular response to oxygen radical","GO:0071450","false","0.005430511262598458","2.2651592812632835","9","48","3","11642","FBGN0003462,FBGN0010213,FBGN0033631"
"GO:BP","removal of superoxide radicals","GO:0019430","false","0.005430511262598458","2.2651592812632835","9","48","3","11642","FBGN0003462,FBGN0010213,FBGN0033631"
"GO:BP","response to superoxide","GO:0000303","false","0.005430511262598458","2.2651592812632835","9","48","3","11642","FBGN0003462,FBGN0010213,FBGN0033631"
"GO:BP","sex differentiation","GO:0007548","false","0.005513101135733566","2.2586040404813446","110","48","6","11642","FBGN0000490,FBGN0005590,FBGN0039683,FBGN0000229,FBGN0032006,FBGN0014010"
"GO:BP","larval lymph gland hemocyte differentiation","GO:0035168","false","0.005600646774580656","2.2517618168488234","29","48","4","11642","FBGN0000490,FBGN0026479,FBGN0016917,FBGN0053542"
"GO:BP","epiboly involved in wound healing","GO:0090505","false","0.0077353944270103624","2.111517536766576","10","48","3","11642","FBGN0010379,FBGN0000229,FBGN0032006"
"GO:BP","epiboly","GO:0090504","false","0.0077353944270103624","2.111517536766576","10","48","3","11642","FBGN0010379,FBGN0000229,FBGN0032006"
"GO:BP","wound healing, spreading of cells","GO:0044319","false","0.0077353944270103624","2.111517536766576","10","48","3","11642","FBGN0010379,FBGN0000229,FBGN0032006"
"GO:BP","morphogenesis of embryonic epithelium","GO:0016331","false","0.008686164947266543","2.0611719277935583","119","48","6","11642","FBGN0000490,FBGN0010341,FBGN0000229,FBGN0032006,FBGN0014010,FBGN0263289"
"GO:BP","regulation of biological process","GO:0050789","false","0.009230969284765364","2.034752694106989","4339","48","33","11642","FBGN0000024,FBGN0010379,FBGN0000490,FBGN0005590,FBGN0000261,FBGN0004106,FBGN0010341,FBGN0000422,FBGN0029131,FBGN0000463,FBGN0039683,FBGN0026479,FBGN0033159,FBGN0020388,FBGN0001222,FBGN0001233,FBGN0261984,FBGN0000229,FBGN0265042,FBGN0039354,FBGN0024329,FBGN0000063,FBGN0040305,FBGN0032006,FBGN0014010,FBGN0052062,FBGN0263289,FBGN0003462,FBGN0016917,FBGN0262473,FBGN0035934,FBGN0053542,FBGN0261113"
"GO:BP","biological regulation","GO:0065007","false","0.009962539464592432","2.001629945222353","4589","48","34","11642","FBGN0000024,FBGN0010379,FBGN0000490,FBGN0005590,FBGN0000261,FBGN0004106,FBGN0010341,FBGN0000422,FBGN0029131,FBGN0000463,FBGN0039683,FBGN0026479,FBGN0033159,FBGN0020388,FBGN0001220,FBGN0001222,FBGN0001233,FBGN0261984,FBGN0000229,FBGN0265042,FBGN0039354,FBGN0024329,FBGN0000063,FBGN0040305,FBGN0032006,FBGN0014010,FBGN0052062,FBGN0263289,FBGN0003462,FBGN0016917,FBGN0262473,FBGN0035934,FBGN0053542,FBGN0261113"
"GO:BP","instar larval or pupal morphogenesis","GO:0048707","false","0.010054819640733964","1.9976257151951868","442","48","10","11642","FBGN0000490,FBGN0005590,FBGN0010341,FBGN0000463,FBGN0000229,FBGN0032006,FBGN0014010,FBGN0052062,FBGN0263289,FBGN0016917"
"GO:BP","hematopoietic or lymphoid organ development","GO:0048534","false","0.010215363343601583","1.9907461816194083","71","48","5","11642","FBGN0000490,FBGN0026479,FBGN0032006,FBGN0016917,FBGN0053542"
"GO:BP","immune system development","GO:0002520","false","0.010215363343601583","1.9907461816194083","71","48","5","11642","FBGN0000490,FBGN0026479,FBGN0032006,FBGN0016917,FBGN0053542"
"GO:BP","lymph gland development","GO:0048542","false","0.010215363343601583","1.9907461816194083","71","48","5","11642","FBGN0000490,FBGN0026479,FBGN0032006,FBGN0016917,FBGN0053542"
"GO:BP","cell differentiation","GO:0030154","false","0.011352817885342968","1.9448963287648078","1798","48","20","11642","FBGN0010379,FBGN0000490,FBGN0005590,FBGN0004106,FBGN0010341,FBGN0029131,FBGN0000463,FBGN0026479,FBGN0033159,FBGN0001233,FBGN0261984,FBGN0000229,FBGN0000063,FBGN0032006,FBGN0014010,FBGN0052062,FBGN0263289,FBGN0016917,FBGN0262473,FBGN0053542"
"GO:BP","protein phosphorylation","GO:0006468","true","0.011425559871276053","1.9421225095908634","266","48","8","11642","FBGN0010379,FBGN0004106,FBGN0010341,FBGN0261984,FBGN0000229,FBGN0024329,FBGN0000063,FBGN0032006"
"GO:BP","instar larval or pupal development","GO:0002165","false","0.011431216922713955","1.9419075338490401","553","48","11","11642","FBGN0000490,FBGN0005590,FBGN0010341,FBGN0000463,FBGN0000229,FBGN0039354,FBGN0032006,FBGN0014010,FBGN0052062,FBGN0263289,FBGN0016917"
"GO:BP","cellular developmental process","GO:0048869","false","0.011450074426286637","1.941191690370334","1799","48","20","11642","FBGN0010379,FBGN0000490,FBGN0005590,FBGN0004106,FBGN0010341,FBGN0029131,FBGN0000463,FBGN0026479,FBGN0033159,FBGN0001233,FBGN0261984,FBGN0000229,FBGN0000063,FBGN0032006,FBGN0014010,FBGN0052062,FBGN0263289,FBGN0016917,FBGN0262473,FBGN0053542"
"GO:BP","larval development","GO:0002164","false","0.013222850551649318","1.878674910553724","194","48","7","11642","FBGN0000490,FBGN0026479,FBGN0032006,FBGN0263289,FBGN0016917,FBGN0262473,FBGN0053542"
"GO:BP","post-embryonic animal morphogenesis","GO:0009886","false","0.013457699885778473","1.8710291609348333","457","48","10","11642","FBGN0000490,FBGN0005590,FBGN0010341,FBGN0000463,FBGN0000229,FBGN0032006,FBGN0014010,FBGN0052062,FBGN0263289,FBGN0016917"
"GO:BP","gamete generation","GO:0007276","false","0.01349259159759819","1.8699046249435771","925","48","14","11642","FBGN0010379,FBGN0000490,FBGN0004106,FBGN0010341,FBGN0000463,FBGN0001233,FBGN0000229,FBGN0000063,FBGN0032006,FBGN0014010,FBGN0052062,FBGN0263289,FBGN0016917,FBGN0053542"
"GO:BP","reactive oxygen species metabolic process","GO:0072593","false","0.013599226253489806","1.8664858007032485","36","48","4","11642","FBGN0000261,FBGN0003462,FBGN0010213,FBGN0033631"
"GO:BP","superoxide metabolic process","GO:0006801","false","0.014099507594671799","1.8507960541993038","12","48","3","11642","FBGN0003462,FBGN0010213,FBGN0033631"
"GO:BP","metamorphosis","GO:0007552","false","0.016548044368430218","1.78125332334949","468","48","10","11642","FBGN0000490,FBGN0005590,FBGN0010341,FBGN0000463,FBGN0000229,FBGN0032006,FBGN0014010,FBGN0052062,FBGN0263289,FBGN0016917"
"GO:BP","negative regulation of developmental process","GO:0051093","false","0.0177496944652345","1.7508091182823928","203","48","7","11642","FBGN0010379,FBGN0000490,FBGN0261984,FBGN0039354,FBGN0263289,FBGN0016917,FBGN0262473"
"GO:BP","cellular process","GO:0009987","false","0.02226579445390984","1.6523618044270436","9318","48","48","11642","FBGN0000024,FBGN0010379,FBGN0000490,FBGN0005590,FBGN0000261,FBGN0004106,FBGN0010341,FBGN0000422,FBGN0029131,FBGN0000463,FBGN0039683,FBGN0026479,FBGN0033159,FBGN0020388,FBGN0001217,FBGN0001220,FBGN0001222,FBGN0001224,FBGN0013275,FBGN0013276,FBGN0013277,FBGN0013278,FBGN0051354,FBGN0013279,FBGN0001233,FBGN0261984,FBGN0000229,FBGN0265042,FBGN0039354,FBGN0024329,FBGN0000063,FBGN0040305,FBGN0002868,FBGN0002869,FBGN0038790,FBGN0053192,FBGN0032006,FBGN0014010,FBGN0052062,FBGN0263289,FBGN0003462,FBGN0010213,FBGN0033631,FBGN0016917,FBGN0262473,FBGN0035934,FBGN0053542,FBGN0261113"
"GO:BP","cell growth","GO:0016049","false","0.023846423935292956","1.622576739542693","142","48","6","11642","FBGN0010379,FBGN0010341,FBGN0033159,FBGN0000229,FBGN0014010,FBGN0262473"
"GO:BP","immune system process","GO:0002376","false","0.02529773207204041","1.596918411343824","602","48","11","11642","FBGN0010379,FBGN0000490,FBGN0000261,FBGN0010341,FBGN0026479,FBGN0000229,FBGN0024329,FBGN0032006,FBGN0016917,FBGN0262473,FBGN0053542"
"GO:BP","phosphorylation","GO:0016310","false","0.026609449267252533","1.5749641138991317","299","48","8","11642","FBGN0010379,FBGN0004106,FBGN0010341,FBGN0261984,FBGN0000229,FBGN0024329,FBGN0000063,FBGN0032006"
"GO:BP","cell motility","GO:0048870","false","0.02763605793853679","1.5585239054960163","394","48","9","11642","FBGN0010379,FBGN0000490,FBGN0010341,FBGN0000463,FBGN0033159,FBGN0000229,FBGN0032006,FBGN0014010,FBGN0016917"
"GO:BP","cellular component organization","GO:0016043","true","0.028502479111954103","1.5451173639277418","3222","48","27","11642","FBGN0010379,FBGN0000490,FBGN0004106,FBGN0010341,FBGN0029131,FBGN0000463,FBGN0026479,FBGN0033159,FBGN0020388,FBGN0001220,FBGN0013275,FBGN0013276,FBGN0013278,FBGN0051354,FBGN0013279,FBGN0001233,FBGN0261984,FBGN0000229,FBGN0024329,FBGN0000063,FBGN0032006,FBGN0014010,FBGN0263289,FBGN0003462,FBGN0016917,FBGN0262473,FBGN0261113"
"GO:BP","morphogenesis of an epithelial sheet","GO:0002011","false","0.028907726271432347","1.5389860662886556","15","48","3","11642","FBGN0010379,FBGN0000229,FBGN0032006"
"GO:BP","import into cell","GO:0098657","true","0.03214444919815976","1.4928940115652458","307","48","8","11642","FBGN0010341,FBGN0026479,FBGN0033159,FBGN0000229,FBGN0265042,FBGN0024329,FBGN0014010,FBGN0263289"
"GO:BP","negative regulation of developmental growth","GO:0048640","false","0.03252244162535927","1.4878168571549935","90","48","5","11642","FBGN0010379,FBGN0261984,FBGN0039354,FBGN0263289,FBGN0262473"
"GO:BP","signal transduction","GO:0007165","false","0.03519909010525796","1.4534685628676929","1769","48","19","11642","FBGN0010379,FBGN0000490,FBGN0005590,FBGN0004106,FBGN0010341,FBGN0029131,FBGN0000463,FBGN0001233,FBGN0261984,FBGN0000229,FBGN0039354,FBGN0024329,FBGN0000063,FBGN0032006,FBGN0014010,FBGN0016917,FBGN0262473,FBGN0035934,FBGN0053542"
"GO:BP","regulation of cellular process","GO:0050794","false","0.03552766347366044","1.4494333535538264","4122","48","31","11642","FBGN0010379,FBGN0000490,FBGN0005590,FBGN0000261,FBGN0004106,FBGN0010341,FBGN0029131,FBGN0000463,FBGN0039683,FBGN0026479,FBGN0033159,FBGN0020388,FBGN0001222,FBGN0001233,FBGN0261984,FBGN0000229,FBGN0265042,FBGN0039354,FBGN0024329,FBGN0000063,FBGN0040305,FBGN0032006,FBGN0014010,FBGN0052062,FBGN0263289,FBGN0003462,FBGN0016917,FBGN0262473,FBGN0035934,FBGN0053542,FBGN0261113"
"GO:BP","enzyme-linked receptor protein signaling pathway","GO:0007167","false","0.037751101960387216","1.4230703667280238","314","48","8","11642","FBGN0010379,FBGN0000490,FBGN0005590,FBGN0010341,FBGN0001233,FBGN0000229,FBGN0032006,FBGN0262473"
"GO:BP","cell surface receptor signaling pathway","GO:0007166","false","0.03778687154814398","1.4226590627170135","750","48","12","11642","FBGN0010379,FBGN0000490,FBGN0005590,FBGN0010341,FBGN0029131,FBGN0000463,FBGN0001233,FBGN0000229,FBGN0032006,FBGN0016917,FBGN0262473,FBGN0053542"
"GO:BP","pattern specification process","GO:0007389","true","0.03958079607429788","1.4025154752332618","518","48","10","11642","FBGN0000490,FBGN0005590,FBGN0010341,FBGN0000463,FBGN0001233,FBGN0000229,FBGN0052062,FBGN0263289,FBGN0016917,FBGN0262473"
"GO:BP","imaginal disc-derived male genitalia morphogenesis","GO:0048803","true","0.042952960316850364","1.3670068992374345","17","48","3","11642","FBGN0000229,FBGN0032006,FBGN0014010"
"GO:BP","chromosome organization","GO:0051276","false","0.04318847485446522","1.3646321322336998","320","48","8","11642","FBGN0013275,FBGN0013276,FBGN0013278,FBGN0051354,FBGN0013279,FBGN0000063,FBGN0016917,FBGN0261113"
"GO:BP","genital disc development","GO:0035215","false","0.04332190064813302","1.3632924979634118","48","48","4","11642","FBGN0000490,FBGN0000229,FBGN0032006,FBGN0014010"
"GO:BP","animal organ morphogenesis","GO:0009887","false","0.04531449370014766","1.3437628680258973","764","48","12","11642","FBGN0000490,FBGN0005590,FBGN0000261,FBGN0010341,FBGN0000463,FBGN0261984,FBGN0000229,FBGN0032006,FBGN0014010,FBGN0052062,FBGN0263289,FBGN0016917"
"GO:BP","regulation of developmental growth","GO:0048638","false","0.04666969654391571","1.3309650229788117","236","48","7","11642","FBGN0010379,FBGN0000490,FBGN0010341,FBGN0261984,FBGN0039354,FBGN0263289,FBGN0262473"
"GO:BP","axon extension","GO:0048675","true","0.04703041927354845","1.327621149525729","49","48","4","11642","FBGN0010341,FBGN0033159,FBGN0000229,FBGN0014010"
"GO:BP","endocytosis","GO:0006897","false","0.049240673227532394","1.3076760179461713","238","48","7","11642","FBGN0010341,FBGN0026479,FBGN0033159,FBGN0000229,FBGN0024329,FBGN0014010,FBGN0263289"
"GO:BP","generation of neurons","GO:0048699","true","0.04985346180378397","1.3023046790758883","902","48","13","11642","FBGN0010379,FBGN0000490,FBGN0004106,FBGN0010341,FBGN0000463,FBGN0033159,FBGN0001233,FBGN0261984,FBGN0000229,FBGN0032006,FBGN0014010,FBGN0263289,FBGN0262473"
"GO:CC","plasma membrane","GO:0005886","true","0.00019453765630219819","3.7109963206038175","1848","47","21","12293","FBGN0010379,FBGN0010341,FBGN0000463,FBGN0033159,FBGN0001217,FBGN0013275,FBGN0013276,FBGN0013277,FBGN0013278,FBGN0051354,FBGN0013279,FBGN0001233,FBGN0265042,FBGN0039354,FBGN0032006,FBGN0014010,FBGN0263289,FBGN0033631,FBGN0016917,FBGN0262473,FBGN0035934"
"GO:CC","cell periphery","GO:0071944","false","0.003979338704514201","2.400189093967164","2224","47","21","12293","FBGN0010379,FBGN0010341,FBGN0000463,FBGN0033159,FBGN0001217,FBGN0013275,FBGN0013276,FBGN0013277,FBGN0013278,FBGN0051354,FBGN0013279,FBGN0001233,FBGN0265042,FBGN0039354,FBGN0032006,FBGN0014010,FBGN0263289,FBGN0033631,FBGN0016917,FBGN0262473,FBGN0035934"
"GO:CC","cytosol","GO:0005829","true","0.016872831640051978","1.7728120269276268","1194","47","14","12293","FBGN0010379,FBGN0000261,FBGN0001217,FBGN0001224,FBGN0013275,FBGN0013276,FBGN0013277,FBGN0013278,FBGN0051354,FBGN0013279,FBGN0001233,FBGN0000229,FBGN0014010,FBGN0016917"
