#node1	node2	node1_string_id	node2_string_id	neighborhood_on_chromosome	gene_fusion	phylogenetic_cooccurrence	homology	coexpression	experimentally_determined_interaction	database_annotated	automated_textmining	combined_score
Ace	Sod1	7227.FBpp0082248	7227.FBpp0075958	0	0	0	0	0.062	0	0	0.422	0.434
Ace	Debcl	7227.FBpp0082248	7227.FBpp0085443	0	0	0	0	0	0	0	0.461	0.461
Ace	Akt1	7227.FBpp0082248	7227.FBpp0082682	0	0	0	0	0.042	0	0	0.496	0.496
Ace	Sod2	7227.FBpp0082248	7227.FBpp0311603	0	0	0	0	0	0	0	0.795	0.795
Akt1	Gcn5	7227.FBpp0082682	7227.FBpp0075701	0	0	0	0	0	0.147	0	0.536	0.587
Akt1	Sod1	7227.FBpp0082682	7227.FBpp0075958	0	0	0	0	0	0.047	0	0.602	0.604
Akt1	Rab5	7227.FBpp0082682	7227.FBpp0077473	0	0	0	0	0.252	0	0	0.612	0.697
Akt1	Stat92E	7227.FBpp0082682	7227.FBpp0306651	0	0	0	0	0.171	0.049	0	0.400	0.485
Akt1	Hsf	7227.FBpp0082682	7227.FBpp0110266	0	0	0	0	0.052	0.122	0	0.476	0.525
Akt1	Hsp23	7227.FBpp0082682	7227.FBpp0301282	0	0	0	0	0	0.677	0	0.106	0.698
Akt1	Sod2	7227.FBpp0082682	7227.FBpp0311603	0	0	0	0	0	0	0	0.724	0.724
Akt1	Cdc42	7227.FBpp0082682	7227.FBpp0301153	0	0	0	0	0.099	0.122	0	0.747	0.782
Akt1	Tl	7227.FBpp0082682	7227.FBpp0303187	0	0	0	0	0.080	0.855	0	0.088	0.867
Akt1	Debcl	7227.FBpp0082682	7227.FBpp0085443	0	0	0	0	0	0.122	0	0.919	0.925
Akt1	Hsp83	7227.FBpp0082682	7227.FBpp0305095	0	0	0	0	0.095	0.806	0.800	0.446	0.977
Cat	Hsf	7227.FBpp0074825	7227.FBpp0110266	0	0	0	0	0	0	0	0.465	0.465
Cat	Sod3	7227.FBpp0074825	7227.FBpp0308571	0.111	0	0	0	0.165	0.155	0	0.322	0.517
Cat	Sod1	7227.FBpp0074825	7227.FBpp0075958	0.111	0	0	0	0.230	0.155	0	0.550	0.704
Cat	Sod2	7227.FBpp0074825	7227.FBpp0311603	0.116	0	0	0	0.195	0.262	0	0.670	0.803
Cdc42	Cdk1	7227.FBpp0301153	7227.FBpp0079641	0	0	0	0	0.070	0.054	0	0.483	0.505
Cdc42	Mekk1	7227.FBpp0301153	7227.FBpp0083099	0	0	0	0	0	0.185	0	0.443	0.526
Cdc42	Debcl	7227.FBpp0301153	7227.FBpp0085443	0	0	0	0	0	0	0	0.480	0.480
Cdc42	Pvr	7227.FBpp0301153	7227.FBpp0291358	0	0	0	0	0.062	0.339	0	0.381	0.582
Cdc42	scrib	7227.FBpp0301153	7227.FBpp0300852	0	0	0	0	0.042	0.045	0.400	0.595	0.747
Cdk1	Gcn5	7227.FBpp0079641	7227.FBpp0075701	0	0	0	0	0	0.146	0	0.338	0.410
Cdk1	Drp1	7227.FBpp0079641	7227.FBpp0307166	0	0	0	0	0	0.127	0	0.349	0.407
Cdk1	Hsp83	7227.FBpp0079641	7227.FBpp0305095	0	0	0	0	0	0.437	0	0.281	0.577
Cdk1	Debcl	7227.FBpp0079641	7227.FBpp0085443	0	0	0	0	0	0.122	0	0.599	0.632
Cdk1	Mps1	7227.FBpp0079641	7227.FBpp0303766	0	0	0.187	0.640	0.398	0.314	0	0.215	0.701
Debcl	Sod1	7227.FBpp0085443	7227.FBpp0075958	0	0	0	0	0	0.059	0	0.671	0.677
Debcl	Sod2	7227.FBpp0085443	7227.FBpp0311603	0	0	0	0	0.049	0	0	0.416	0.420
Debcl	Ire1	7227.FBpp0085443	7227.FBpp0112160	0	0	0	0	0.042	0.062	0	0.468	0.480
Debcl	Stat92E	7227.FBpp0085443	7227.FBpp0306651	0	0	0	0	0	0.110	0	0.462	0.500
Debcl	Drp1	7227.FBpp0085443	7227.FBpp0307166	0	0	0	0	0.103	0.576	0.800	0.468	0.954
Drp1	Hsc70-5	7227.FBpp0307166	7227.FBpp0086694	0	0	0	0	0.151	0.352	0	0.191	0.516
Gcn5	Stat92E	7227.FBpp0075701	7227.FBpp0306651	0	0	0	0	0.046	0.063	0.500	0.063	0.525
Gcn5	Hsf	7227.FBpp0075701	7227.FBpp0110266	0	0	0	0	0	0.655	0	0.082	0.669
Hsc70-2	Sod2	7227.FBpp0082175	7227.FBpp0311603	0	0	0	0	0.336	0.049	0	0.195	0.447
Hsc70-2	Hsf	7227.FBpp0082175	7227.FBpp0110266	0	0	0	0	0	0.348	0	0.201	0.456
Hsc70-2	Hsc70-5	7227.FBpp0082175	7227.FBpp0086694	0	0	0	0	0.173	0.318	0	0.187	0.501
Hsc70-2	Hsp23	7227.FBpp0082175	7227.FBpp0301282	0	0	0	0	0	0	0	0.512	0.512
Hsc70-2	Hsp83	7227.FBpp0082175	7227.FBpp0305095	0.044	0	0	0	0.415	0.465	0	0.599	0.863
Hsc70-5	Sod1	7227.FBpp0086694	7227.FBpp0075958	0	0	0	0	0	0.147	0	0.581	0.627
Hsc70-5	Hsp70Ab	7227.FBpp0086694	7227.FBpp0081956	0	0	0	0	0.173	0.318	0	0.187	0.501
Hsc70-5	Hsp70Bbb	7227.FBpp0086694	7227.FBpp0082105	0	0	0	0	0.173	0.318	0	0.187	0.501
Hsc70-5	Hsp70Bb	7227.FBpp0086694	7227.FBpp0082106	0	0	0	0	0.173	0.318	0	0.187	0.501
Hsc70-5	Hsp70Bc	7227.FBpp0086694	7227.FBpp0082107	0	0	0	0	0.173	0.318	0	0.187	0.501
Hsc70-5	Hsp23	7227.FBpp0086694	7227.FBpp0301282	0	0	0	0	0.042	0.119	0	0.465	0.509
Hsc70-5	Sod3	7227.FBpp0086694	7227.FBpp0308571	0	0	0	0	0	0.147	0	0.499	0.554
Hsc70-5	bsk	7227.FBpp0086694	7227.FBpp0291573	0	0	0	0	0	0.047	0	0.563	0.565
Hsc70-5	Hsf	7227.FBpp0086694	7227.FBpp0110266	0	0	0	0	0.136	0.158	0	0.603	0.685
Hsc70-5	Sod2	7227.FBpp0086694	7227.FBpp0311603	0	0	0	0	0.133	0.145	0	0.659	0.725
Hsc70-5	Hsp83	7227.FBpp0086694	7227.FBpp0305095	0.044	0	0	0	0.444	0.669	0	0.897	0.979
Hsf	Sod1	7227.FBpp0110266	7227.FBpp0075958	0	0	0	0	0	0	0	0.424	0.424
Hsf	Hsp70Ab	7227.FBpp0110266	7227.FBpp0081956	0	0	0	0	0	0.348	0	0.534	0.683
Hsf	Hsp70Bbb	7227.FBpp0110266	7227.FBpp0082105	0	0	0	0	0	0.348	0	0.341	0.551
Hsf	Hsp70Bb	7227.FBpp0110266	7227.FBpp0082106	0	0	0	0	0	0.902	0	0.561	0.955
Hsf	Hsp70Bc	7227.FBpp0110266	7227.FBpp0082107	0	0	0	0	0	0.348	0	0.201	0.456
Hsf	Sod3	7227.FBpp0110266	7227.FBpp0308571	0	0	0	0	0	0	0	0.455	0.455
Hsf	Sod2	7227.FBpp0110266	7227.FBpp0311603	0	0	0	0	0	0	0	0.548	0.548
Hsf	Hsp23	7227.FBpp0110266	7227.FBpp0301282	0	0	0	0	0.064	0.477	0.400	0.570	0.856
Hsf	Hsp83	7227.FBpp0110266	7227.FBpp0305095	0	0	0	0	0.106	0.745	0.500	0.862	0.982
Hsp23	Hsp70Ab	7227.FBpp0301282	7227.FBpp0081956	0	0	0	0	0	0.593	0	0.826	0.926
Hsp23	Hsp70Bbb	7227.FBpp0301282	7227.FBpp0082105	0	0	0	0	0	0	0	0.653	0.653
Hsp23	Hsp70Bb	7227.FBpp0301282	7227.FBpp0082106	0	0	0	0	0	0	0	0.653	0.653
Hsp23	Hsp70Bc	7227.FBpp0301282	7227.FBpp0082107	0	0	0	0	0.372	0	0	0.598	0.736
Hsp23	Hsp83	7227.FBpp0301282	7227.FBpp0305095	0	0	0	0	0.372	0.085	0.400	0.845	0.939
Hsp70Ab	Hsp70Bb	7227.FBpp0081956	7227.FBpp0082106	0	0	0.047	0.987	0	0.779	0	0.063	0.785
Hsp70Ab	Hsp83	7227.FBpp0081956	7227.FBpp0305095	0.044	0	0	0	0.372	0.465	0	0.735	0.903
Hsp70Bb	Hsp83	7227.FBpp0082106	7227.FBpp0305095	0.044	0	0	0	0.372	0.479	0	0.685	0.888
Hsp70Bbb	Hsp83	7227.FBpp0082105	7227.FBpp0305095	0.044	0	0	0	0.372	0.465	0	0.271	0.734
Hsp70Bc	Hsp83	7227.FBpp0082107	7227.FBpp0305095	0.044	0	0	0	0.421	0.465	0	0.458	0.818
Hsp83	bsk	7227.FBpp0305095	7227.FBpp0291573	0	0	0	0	0.048	0.085	0	0.386	0.418
Hsp83	Sod2	7227.FBpp0305095	7227.FBpp0311603	0.092	0	0	0	0.098	0.055	0	0.348	0.427
Ire1	Sod1	7227.FBpp0112160	7227.FBpp0075958	0	0	0	0	0	0.074	0	0.384	0.405
MTF-1	MtnC	7227.FBpp0112234	7227.FBpp0083292	0	0	0	0	0	0.046	0	0.829	0.829
MTF-1	MtnA	7227.FBpp0112234	7227.FBpp0306744	0	0	0	0	0	0.046	0	0.821	0.821
MTF-1	MtnD	7227.FBpp0112234	7227.FBpp0300409	0	0	0	0	0.049	0.044	0	0.824	0.826
MTF-1	MtnB	7227.FBpp0112234	7227.FBpp0311981	0	0	0	0	0	0.046	0	0.881	0.881
MtnA	MtnC	7227.FBpp0306744	7227.FBpp0083292	0	0	0	0	0	0	0	0.828	0.828
MtnA	MtnD	7227.FBpp0306744	7227.FBpp0300409	0	0	0	0	0.042	0	0	0.887	0.887
MtnA	Sod3	7227.FBpp0306744	7227.FBpp0308571	0	0	0	0	0	0.048	0	0.426	0.430
MtnA	MtnB	7227.FBpp0306744	7227.FBpp0311981	0	0	0	0	0.042	0	0	0.912	0.912
Pvr	dpp	7227.FBpp0291358	7227.FBpp0077453	0	0	0	0	0.082	0	0	0.639	0.654
Pvr	upd3	7227.FBpp0291358	7227.FBpp0112376	0	0	0	0	0	0	0	0.512	0.512
Pvr	bsk	7227.FBpp0291358	7227.FBpp0291573	0	0	0	0	0.054	0.701	0	0.346	0.798
Pvr	Stat92E	7227.FBpp0291358	7227.FBpp0306651	0	0	0	0	0.056	0.185	0.500	0.632	0.839
Rab5	Sod1	7227.FBpp0077473	7227.FBpp0075958	0	0	0	0	0	0	0	0.420	0.420
Rab5	scrib	7227.FBpp0077473	7227.FBpp0300852	0	0	0	0	0.061	0.778	0	0.330	0.848
Sod1	Sod3	7227.FBpp0075958	7227.FBpp0308571	0	0	0.081	0.919	0.042	0	0.900	0.065	0.906
Sod1	Sod2	7227.FBpp0075958	7227.FBpp0311603	0	0	0	0	0.359	0.802	0.900	0.739	0.996
Sod2	bsk	7227.FBpp0311603	7227.FBpp0291573	0	0	0	0	0.097	0.789	0	0.391	0.873
Sod2	Sod3	7227.FBpp0311603	7227.FBpp0308571	0	0	0	0	0.213	0.713	0.900	0.462	0.986
Stat92E	dpp	7227.FBpp0306651	7227.FBpp0077453	0	0	0	0	0.062	0.347	0	0.657	0.771
Stat92E	upd3	7227.FBpp0306651	7227.FBpp0112376	0	0	0	0	0	0.339	0.500	0.912	0.968
Stat92E	bsk	7227.FBpp0306651	7227.FBpp0291573	0	0	0	0	0.042	0.337	0	0.750	0.827
Stat92E	scrib	7227.FBpp0306651	7227.FBpp0300852	0	0	0	0	0.047	0.339	0	0.464	0.632
Stat92E	Tl	7227.FBpp0306651	7227.FBpp0303187	0	0	0	0	0.198	0.342	0	0.385	0.647
Tl	dpp	7227.FBpp0303187	7227.FBpp0077453	0	0	0	0	0.054	0.339	0	0.174	0.438
bsk	dpp	7227.FBpp0291573	7227.FBpp0077453	0	0	0	0	0	0	0	0.619	0.619
bsk	upd3	7227.FBpp0291573	7227.FBpp0112376	0	0	0	0	0	0.042	0	0.597	0.597
bsk	scrib	7227.FBpp0291573	7227.FBpp0300852	0	0	0	0	0.045	0.938	0	0.425	0.962
dpp	upd3	7227.FBpp0077453	7227.FBpp0112376	0	0	0	0	0	0	0	0.598	0.598
dpp	scw	7227.FBpp0077453	7227.FBpp0310402	0	0	0.160	0.629	0	0.969	0.400	0.346	0.988
scrib	upd3	7227.FBpp0300852	7227.FBpp0112376	0	0	0	0	0	0.062	0	0.519	0.529
